1,Nippani,BJP,SHASHIKALA JOLLE,F,87006,INC,KAKASO PANDURANG PATIL,78500,81.19%,211827,8506,BELAGAVI
2,Chikkodi-Sadalga,INC,GANESH HUKKERI,M,91467,BJP,ANNASAHEB SHANKAR JOLLE,80898,84.78%,210480,10569,BELAGAVI
3,Athani,INC,MAHESH IRANAGOUDA KUMATHALLI,M,82094,BJP,LAXMAN SANGAPPA SAVADI,79763,80.67%,213935,2331,BELAGAVI
4,Kagwad,INC,BALASAHEB PATIL,M,83060,BJP,BHARAMAGOUDA ALAGOUDA KAGE,50118,79.98%,181486,32942,BELAGAVI
5,Kudachi,BJP,P RAJIV,M,67781,INC,AMIT SHAMA GHATAGE,52773,75.86%,180233,15008,BELAGAVI
6,Raybag,BJP,AIHOLE DURYODHAN MAHALINGAPPA,M,67502,INC,PRADEEPKUMAR RAMU MALAGE,50954,76.80%,195179,16548,BELAGAVI
7,Hukkeri,BJP,UMESH KATTI,M,83588,INC,APPAYYAGOUDA BASAGOUDA PATIL,68203,81.15%,193756,15385,BELAGAVI
8,Arabhavi,BJP,BALACHANDRA LAXMANRAO,M,96144,JDS,BHIMAPPA GUNDAPPA GADAD,48816,76.29%,231177,47328,BELAGAVI
9,Gokak,INC,JARKIHOLI RAMESH LAXMANRAO,M,90249,BJP,ASHOK NINGAYYASWAMI PUJARI,75969,71.79%,241197,14280,BELAGAVI
10,Yemkanamardi,INC,SATISH. L. JARKIHOLI,M,73512,BJP,ASTAGI MARUTI MALLAPPA,70662,79.79%,186859,2850,BELAGAVI
11,Belgaum Uttar,BJP,ANIL S BENAKE,M,79060,INC,FAIROZ NURUDDIN SAITH,61793,63.18%,234887,17267,BELAGAVI
12,Belgaum Dakshin,BJP,ABHAY PATIL,M,84498,INC,M D LAKSHMINARAYAN (ANNAYYA),25806,62.50%,234509,58692,BELAGAVI
13,Belgaum Rural,INC,LAKSHMI HEBBALKAR,F,102040,BJP,SANJAY B PATIL,50316,77.47%,238753,51724,BELAGAVI
14,Khanapur,INC,ANJALI LIMBALKAR,F,36649,BJP,VITHAL HALAGEKAR,31516,74.86%,205959,5133,BELAGAVI
15,Kittur,BJP,DODDAGOUDAR MAHANTESH BASAVANTARAY,M,73155,INC,INAMDAR DANAPPAGOUDA BASANAGOUDA,40293,78.82%,187722,32862,BELAGAVI
16,Bailahongal,INC,KOUJALAGI MAHANTESH SHIVANAND,F,47040,IND,JAGDISH. CHANNAPPA METGUD,41918,77.92%,184116,5122,BELAGAVI
17,Saundatti Yellamma,BJP,ANAND VISHWANATH CHANDRASHEKHAR MAMANI,M,62480,IND,ANAND CHOPRA,56189,79.96%,191347,6291,BELAGAVI
18,Ramdurg,BJP,MAHADEVAPPA SHIVALINGAPPA YADAWAD,M,68349,INC,ASHOK MAHADEVAPPA PATTAN,65474,75.19%,200163,2875,BELAGAVI
19,Mudhol,BJP,GOVIND KARJOLA,M,76431,INC,BANDIWADDAR SATISH CHINNAPPA,60949,75.17%,196094,15482,BAGALKOT
20,Terdal,BJP,SIDDU SAVADI,F,87213,INC,UMASHREE,66324,78.43%,220340,20889,BAGALKOT
21,Jamkhandi,INC,SIDDU NYAMAGOWDA,F,49245,BJP,KULKARNI SHRIKANT SUBRAO,46450,74.98%,203681,2795,BAGALKOT
22,Bilgi,BJP,MURUGESH NIRANI,M,85135,INC,JAGADISH TIMMANAGOUDA PATIL,80324,77.13%,218214,4811,BAGALKOT
23,Badami,INC,SIDDARAMAIAH,M,67599,BJP,B SRIRAMULU,65903,74.65%,217721,1696,BAGALKOT
24,Bagalkot,BJP,VEERABHADRAYYA (VEERANNA) CHARANTIMATH,M,85653,INC,METI HULLAPPA YAMANAPPA,69719,69.32%,230825,15934,BAGALKOT
25,Hungund,BJP,DODDANAGOUDA G PATIL,M,65012,INC,KASHAPPANAVAR VIJAYANAND SHIVASHANKRAPPA,59785,73.52%,214145,5227,BAGALKOT
26,Muddebihal,BJP,AMEENAPPA GOUDA S PATIL,M,63512,INC,APPAJI URF CHANNABASAVARAJ SHANKARARAO NADAGOUDA,54879,65.89%,205694,8633,BIJAPUR
27,Devara Hippargi,BJP,SOMANAGOUDA B PATIL (SASANUR),M,48245,INC,BHIMANAGOUDA (RAJUGOUDA) B PATIL,44892,65.78%,208625,3353,BIJAPUR
28,Basavana Bagevadi,INC,SHIVANAND PATIL,M,58647,JDS,SOMANAGOUDA(APPUGOUDA) B PATIL(MANAGULI),55461,73.19%,201089,3186,BIJAPUR
29,Babaleshwar,INC,M B PATIL,M,98339,BJP,VIJAYAKUMAR SIDRAMGOUDA PATIL,68624,80.46%,211555,29715,BIJAPUR
30,Bijapur City,BJP,BASANAGOUD .R. PATIL (YATNAL),M,76308,INC,ABDUL HAMEED MUSHRIF,69895,61.28%,247240,6413,BIJAPUR
31,Nagthan,JDS,DEVANAND FULASING CHAVAN,M,59709,INC,KATAKADOND VITTAL DONDIBA,54108,62.95%,260382,5601,BIJAPUR
32,Indi,INC,YESHWANTH GOWDA PATIL,M,50401,JDS,B D PATIL (HANJAGI),40463,72.10%,231797,9938,BIJAPUR
33,Sindgi,JDS,MANAGULI MALLAPPA CHANNAVEERAPPA,F,70865,BJP,BHUSANUR RAMESH BALAPPA,61560,71.53%,224702,9305,BIJAPUR
34,Afzalpur,INC,M Y PATIL,M,71735,BJP,MALIKAYYA GUTTEDAR,61141,68.31%,220007,10594,GULBARGA
35,Jevargi,INC,AJAY SINGH,M,68508,BJP,DODDAPPAGOWDA S. PATIL NARIBOL,52452,67.57%,234375,16056,GULBARGA
36,Shorapur,BJP,NARASIMHANAYAK (RAJUGOUDA),M,104426,INC,RAJA VENKATAPPA NAIK,81858,71.20%,275668,22568,YADGIR
37,Shahapur,INC,SHARANABASAPPA GOUDA DARSHANAPUR,M,78642,BJP,GURU PATIL SIRWAL,47668,59.04%,225798,30974,YADGIR
38,Yadgir,BJP,VENKATREDDY MUDNAL,M,62227,INC,DR.A B MAALAKARADDY,49346,61.07%,235682,12881,YADGIR
39,Gurmitkal,JDS,NAGANAGOWDA,M,79627,INC,BABURAO CHINCHANSUR,55147,61.86%,245215,24480,YADGIR
40,Chittapur,INC,PRIYANK KHARIGE,M,69700,BJP,VALMIK NAIK,65307,60.34%,231920,4393,GULBARGA
41,Sedam,BJP,RAJKUMAR TELKAR,M,80668,INC,DR. SHARAN PRAKASH RUDRAPPA PATIL,73468,73.84%,215147,7200,GULBARGA
42,Chincholi,INC,DR. UMESH G JADHAV,M,73905,BJP,SUNIL Y VALLYAPURE,54693,68.64%,193590,19212,GULBARGA
43,Gulbarga Rural,BJP,BASARVARAJ MATTIMOD,M,61750,INC,VIJAYKUMAR G RAMAKRISHNA,49364,60.23%,250497,12386,GULBARGA
44,Gulbarga Dakshin,BJP,DATTATRYEA PATIL,M,64788,INC,ALLAMPRABHU PATIL,59357,52.36%,263590,5431,GULBARGA
45,Gulbarga Uttar,INC,KANEEZ FATIMA,F,64311,BJP,CHANDRAKANT B PATIL (CHANDU PATIL),58371,52.76%,274281,5940,GULBARGA
46,Aland,BJP,GUTTEDAR SUBHASH RUKMAYYA,M,76815,INC,B R PATIL,76118,68.20%,233841,697,GULBARGA
47,Basavakalyan,INC,B NARAYANA RAO,M,61425,BJP,MALLIKARJUN SON OF SIDRAMAPPA KHUBA,44153,64.56%,224317,17272,BIDAR
48,Humnabad,INC,RAJASHEKAR PATIL,M,74945,BJP,SUBHASH,43131,66.42%,238628,31814,BIDAR
49,Bidar South,JDS,BANDEPPA KHASHEMPUR,M,55107,BJP,DR SHAILENDRA BELDALE,42365,69.55%,199611,12742,BIDAR
50,Bidar,INC,RAHIM KHAN,M,73270,BJP,SURAYAKANTH NAGMARPALLI,63025,63.51%,216853,10245,BIDAR
51,Bhalki,INC,ESHWAR KHANDRE,M,84673,BJP,D K SIDRAM,63235,73.66%,224708,21438,BIDAR
52,Aurad,BJP,PRABHU CHAUHAN,M,75061,INC,VIJAYKUMAR,64469,69.55%,214461,10592,BIDAR
53,Raichur Rural,INC,BASANNA GOWDA,M,66656,BJP,TIPPARAJU HAWALDAR,56692,69.13%,233450,9964,RAICHUR
54,Raichur,BJP,DR. SHIVARAJ PATIL,M,56511,INC,SYED YASEEN,45520,53.97%,228262,10991,RAICHUR
55,Manvi,JDS,RAJA VENKATAPPA NAYAK,M,53548,OTHERS,DR TANUSREE @ PREETI,37733,62.77%,244653,15815,RAICHUR
56,Devadurga,BJP,SHIVANA GOWDA NAYAK,M,67003,INC,A RAJASHEKAR NAYAK,45958,68.96%,227826,21045,RAICHUR
57,Lingsugur,INC,D. S. HOOLAGERI,M,54230,JDS,BANDI.SIDDU,49284,67.76%,240984,4946,RAICHUR
58,Sindhanur,JDS,VENKATRAO NADAGOUDA,M,71514,INC,BADARLI HAMPANGOUDA,69917,69.36%,234521,1597,RAICHUR
59,Maski,INC,PRATAP GOWDA PATIL,M,60387,BJP,BASANAGOWDA-TURVIHAL,60174,68.63%,198451,213,RAICHUR
60,Kushtagi,INC,AMAREGOWDA BAIYYAPUR,M,87567,BJP,DODDANAGOUDA HANAMAGOUDA PATIL,69536,73.24%,224689,18031,KOPPAL
61,Kanakagiri,BJP,BASAVARAJ DADESUGUR,M,87735,INC,SHIVARAJ SANGAPPA TANGADAGI,73510,78.98%,211543,14225,KOPPAL
62,Gangavathi,BJP,PARANNA MUNAVALLI,M,67617,INC,IQBAL ANSARI,59644,75.42%,194057,7973,KOPPAL
63,Yelburga,BJP,ACHAR HALAPPA BASAPPA,M,79072,INC,BASAVARAJ RAYAREDDI,65754,78.80%,207110,13318,KOPPAL
64,Koppal,INC,K. RAGHAVENDRA BASAVARAJ HITNAL,M,98783,BJP,AMARESH SANGANNA KARADI,72432,74.59%,240965,26351,KOPPAL
65,Shirahatti,BJP,RAMAPPA SOBEPPA LAMANI,M,91967,INC,DODDAMANI RAMAKRISHNA SHIDLINGAPPA,61974,75.15%,212130,29993,GADAG
66,Gadag,INC,H K PATIL,M,77699,BJP,ANIL MENSINAKAI,75831,72.34%,219426,1868,GADAG
67,Ron,BJP,KALAKAPPA BANDI,M,83735,INC,GURUPADAGOUDA PATIL,76401,75.36%,224632,7334,GADAG
68,Nargund,BJP,CHANDRAKANTAGOUDA CHANNAPPAGOUDA PATIL,M,73045,INC,BASAVARADDI RANGARADDI YAVAGAL,65066,76.66%,187182,7979,GADAG
69,Navalgund,BJP,SHANKAR B. PATIL MUNENAKOPPA,M,65718,JDS,N. H. KONARADDI,45197,77.97%,203777,20521,DHARWAD
70,Kundgol,INC,C S SHIVALLI,M,64871,BJP,CHIKKANAGOUDRA SIDDANAGOUD ISHWARAGOD,64237,78.27%,187513,634,DHARWAD
71,Dharwad,BJP,AMRUT AYYAPPA DESAI,M,85123,INC,VINAY KULKARNI,64783,74.89%,206711,20340,DHARWAD
72,Hubli-Dharwad-East,INC,PRASAD ABBAYYA,M,77080,BJP,CHANDRASHEKAR GOKAK,55613,70.02%,194201,21467,DHARWAD
73,Hubli-Dharwad- Central,BJP,JAGADISH SHETTAR,M,75794,INC,DR. MAHESH NALWAD,54488,60.17%,242700,21306,DHARWAD
74,Hubli-Dharwad- West,BJP,ARVIND BELLAD,M,96462,INC,MOHAMMAD ISMAIL TAMATGAR,55975,61.31%,255154,40487,DHARWAD
75,Kalaghatgi,BJP,C M NIMBANNAVAR,M,83267,INC,SANTOSH S LAD,57270,78.87%,189394,25997,DHARWAD
76,Haliyal,INC,R V DESHPANDE,M,61577,BJP,SUNIL HEGADE,56437,76.96%,171846,5140,UTTARA KANNADA
77,Karwar,BJP,RUPALI NAIK,F,60339,JDS,ANAND ASNOTIKAR,46275,72.89%,217686,14064,UTTARA KANNADA
78,Kumta,BJP,DINAKAR SHETTY,M,59392,INC,SHARADA MOHAN SHETTY,26642,80.33%,180281,32750,UTTARA KANNADA
79,Bhatkal,BJP,SUNIL NAIK,M,83172,INC,MANKAL VAIDYA,77242,76.95%,214694,5930,UTTARA KANNADA
80,Sirsi,BJP,KAGERI VISHWESHWAR HEGDE,F,70595,INC,BHIMANNA NAIK,53134,80.45%,190741,17461,UTTARA KANNADA
81,Yellapur,INC,ARABAIL HEBBAR SHIVARAM,M,66290,BJP,ANDALAGI VEERABHADRAGOUDA SHIVANAGOUDA PATIL,64807,81.85%,170433,1483,UTTARA KANNADA
82,Hangal,BJP,C M UDASI,M,80529,INC,MANE SRINIVAS,74015,84.05%,194300,6514,HAVERI
83,Shiggaon,BJP,BASAVARAJ BOMMAIAH,M,83868,INC,SAYED AZEEMPEER KHADRI,74603,80.01%,213107,9265,HAVERI
84,Haveri,BJP,NEHARU OLEKAR,M,86565,INC,RUDRAPPA LAMANI,75261,76.53%,221636,11304,HAVERI
85,Byadgi,BJP,BALLARY VIRUPAKSHAPPA RUDRAPPA,M,91721,INC,S.R.PATIL,70450,82.57%,200760,21271,HAVERI
86,Hirekerur,INC,BASAVANAGOUDA PATIL,M,72461,BJP,UJANESHWARA BANAKAR,71906,83.53%,179278,555,HAVERI
87,Ranebennur,OTHERS,R SHANKAR,M,63910,INC,KRISHNAPPA KOLIWAD,59572,77.40%,230208,4338,HAVERI
88,Huvina Hadagali,INC,P T PARAMESHWARA NAIK,M,54097,IND,ODO GANGAPPA,44919,75.89%,182908,9178,BELLARY
89,Hagaribommanahalli,INC,BHEEMA NAIK L.B.P.,F,78337,BJP,K.NEMIRAJA NAIK,71105,78.77%,221172,7232,BELLARY
90,Vijayanagar,INC,ANAND SINGH,M,83214,BJP,H.R.GAVIYAPPA,74986,72.05%,229174,8228,BELLARY
91,Kampli,INC,J M GANESH,M,80592,BJP,T H SURESH BABU,75037,77.65%,212819,5555,BELLARY
92,Siraguppa,BJP,SOMALINGAPPA,F,82546,INC,B. MURALI KRISHNA,61275,74.68%,203076,21271,BELLARY
93,Bellary,INC,B NAGENDRA,M,79186,BJP,SANNA PAKKIRAPPA,76507,74.25%,219271,2679,BELLARY
94,Bellary City,BJP,SOMASHEKHAR REDDY,M,76589,INC,ANIL L LAD,60434,64.44%,233260,16155,BELLARY
95,Sandur,INC,TUKARAM,M,78106,BJP,D RAGHAVENDRA (MANJU),64096,74.44%,211467,14010,BELLARY
96,Kudligi,BJP,N.Y. GOPALAKRISHNA,M,50085,JDS,N.T. BOMMANNA,39272,76.35%,198195,10813,BELLARY
97,Molakalmuru,BJP,SRIRAMULU,M,84018,INC,B. YOGESH BABU,41973,82.72%,231116,42045,CHITRADURGA
98,Challakere,INC,T RAGHUMURTHY,M,72874,JDS,RAVEESH KUMAR,59335,81.29%,208909,13539,CHITRADURGA
99,Chitradurga,BJP,G H THIPPAREDDY,M,82896,JDS,K.C.VEERENDRA (PAPPY),49911,75.34%,250967,32985,CHITRADURGA
100,Hiriyur,BJP,POORNIMA SRINIVAS,F,77733,INC,D SUDHAKAR,64858,79.38%,235444,12875,CHITRADURGA
101,Hosadurga,BJP,GULIHATTI D SHEKAR,M,90562,INC,B G GOVINDAPPA,64570,85.28%,187111,25992,CHITRADURGA
102,Holalkere,BJP,CHANDRAPPA M,M,107976,INC,H.ANJANEYA,69036,83.29%,224393,38940,CHITRADURGA
103,Jagalur,BJP,S V RAMACHANDRA,M,78948,INC,H.P.RAJESH,49727,77.37%,190053,29221,DAVANAGERE
104,Harapanahalli,BJP,G KARUNAKARA REDDY,M,67603,INC,M P RAVINDRA,57956,82.20%,203725,9647,DAVANAGERE
105,Harihar,INC,S RAMAPPA,M,64801,BJP,HARISH B.P.,57541,77.00%,212129,7260,DAVANAGERE
106,Davanagere North,BJP,RAVINDRANATH,M,76540,INC,S.S. MALLIKARJUN,72469,64.76%,240368,4071,DAVANAGERE
107,Davanagere South,INC,SHAMANUR SHIVASHANKARAPPA,F,71369,BJP,YASHAVANTHA RAO JADHAV,55485,65.62%,206734,15884,DAVANAGERE
108,Mayakonda,BJP,N. LINGANNA,M,50556,INC,K.S.BASAVARAJ,44098,80.92%,190428,6458,DAVANAGERE
109,Channagiri,BJP,K MADALU VIRUPAKSHAPPA,M,73794,INC,VADNAL RAJANNA,48014,79.91%,196229,25780,DAVANAGERE
110,Honnali,BJP,M P RENUKACHARYA,M,80624,INC,SHANTHANAGOWDA D G,76391,82.80%,193283,4233,DAVANAGERE
111,Shimoga Rural,BJP,ASHOK NAIK,M,69326,JDS,SHARADA PURYANAIK,65549,81.16%,211513,3777,SHIMOGA
112,Bhadravathi,INC,B K SANGAMESHWARA,M,75722,JDS,APPAJI.M.J.,64155,73.13%,207624,11567,SHIMOGA
113,Shimoga,BJP,K S ESHWARAPPA,M,104027,INC,K.B. PRASANNA KUMAR,57920,66.73%,256361,46107,SHIMOGA
114,Tirthahalli,BJP,ARAGA JNANENDRA,M,67527,INC,KIMMANE RATHNAKAR,45572,84.83%,184122,21955,SHIMOGA
115,Shikaripura,BJP,B S YEDDIYURAPPA,M,86983,INC,GONI MALATESHA,51586,81.45%,188206,35397,SHIMOGA
116,Sorab,BJP,KUMAR BANGARAPPA,M,72091,JDS,S.MADHU BANGARAPPA,58805,84.47%,184585,13286,SHIMOGA
117,Sagar,BJP,HARATHALU HAALAPPA,M,78475,INC,KAGODU THIMMAPPA,70436,79.34%,193797,8039,SHIMOGA
118,Baindur,BJP,B. M. SUKUMAR SHETTY,M,96029,INC,K. GOPALA POOJARY,71636,78.93%,222427,24393,UDUPI
119,Kundapur,BJP,HAALADI SRINIVAS SHETTY,M,103434,INC,RAKESH MALLI,47029,79.00%,199575,56405,UDUPI
120,Udupi,BJP,K RAGHUPATHI BHAT,M,84946,INC,PRAMOD MADHWARAJ,72902,77.72%,207431,12044,UDUPI
121,Kapu,BJP,LALAJI MENDAN,M,75893,INC,VINAY KUMAR SORAKE,63976,78.51%,182972,11917,UDUPI
122,Karkala,BJP,V. SUNIL KUMAR,M,91245,INC,GOPALA BHANDARY,48679,80.13%,181010,42566,UDUPI
123,Sringeri,INC,T D RAJEGOWDA,M,62780,BJP,D N JEEVARAJ,60791,82.02%,166026,1989,CHIKKMAGALUR
124,Mudigere,BJP,M P KUMARSWAMY,M,58783,INC,MOTAMMA,46271,76.79%,170250,12512,CHIKKMAGALUR
125,Chikkamagalur,BJP,C T RAVI,M,70863,INC,B L SHANKAR,44549,73.72%,216230,26314,CHIKKMAGALUR
126,Tarikere,BJP,D S SURESH,M,44940,INDEPENDENT,G H SRINIVASA,33253,81.07%,182853,11687,CHIKKMAGALUR
127,Kadur,BJP,BELLI PRAKASH,M,62232,JDS,Y S V DATTA,46860,78.14%,201840,15372,CHIKKMAGALUR
128,Chikkanayakanhalli,BJP,J C MADHUSWAMY,M,69612,JDS,C.B SURESHBABU,59335,84.26%,212194,10277,TUMKUR
129,Tiptur,BJP,B C NAGESH,M,61383,INC,K. SHADAKSHARI,35820,83.20%,181471,25563,TUMKUR
130,Turuvekere,BJP,JAYARAM A S,M,60710,JDS,M T KRISHNAPPA,58661,84.43%,181166,2049,TUMKUR
131,Kunigal,INC,H D RANGANATH,M,58697,BJP,D KRISHNA KUMAR,53097,84.79%,190363,5600,TUMKUR
132,Tumkur City,BJP,JYOTHI GANESH,F,60421,JDS,N. GOVINDARAJU,55128,65.02%,259514,5293,TUMKUR
133,Tumkur Rural,JDS,GOWRI SHANKAR,F,82740,BJP,B SURESH GOWDA,77100,85.02%,201723,5640,TUMKUR
134,Koratagere,INC,DR. G. PARAMESHWARA,M,81598,JDS,P.R. SUDHAKAR LAL,73979,84.12%,202235,7619,TUMKUR
135,Gubbi,JDS,SRINIVAS,M,55572,BJP,G N BETTASWAMY,46491,84.54%,182861,9081,TUMKUR
136,Sira,JDS,SATYANARAYANA,M,74338,INC,T B JAYACHANDRA,63973,84.41%,212622,10365,TUMKUR
137,Pavagada,INC,VENKATARAMANAPPA,M,72974,JDS,K M THIMMARAYAPPA,72565,82.32%,197183,409,TUMKUR
138,Madhugiri,JDS,VEERABHADRAIAH,M,88521,INC,KYATHASANDRA N.RAJANNA,69947,85.51%,193273,18574,TUMKUR
139,Gauribidanur,INC,N.H.SHIVASHANKARA REDDY,M,69000,JDS,C.R.NARASIMHAMURTHY,59832,82.39%,203048,9168,CHIKABALLAPUR
140,Bagepalli,INC,S.N. SUBBAREDDY(CHINNAKAYALAPALLI),M,65710,Others,G.V. SREERAMAREDDY,51697,82.60%,197238,14013,CHIKABALLAPUR
141,Chikkaballapur,INC,K SUDHAKAR,M,82006,JDS,K.P.BACHEGOWDA,51575,87.86%,197803,30431,CHIKABALLAPUR
142,Sidlaghatta,INC,S MUNIYAPPA,M,76240,JDS,B.N. RAVIKUMAR,66531,85.45%,198200,9709,CHIKABALLAPUR
143,Chintamani,JDS,J K KRISHNA REDDY,M,87753,BJP,DR.M.C SUDHAKAR,82080,82.02%,214446,5673,CHIKABALLAPUR
144,Srinivasapur,INC,K R RAMESH KUMAR,M,93571,JDS,G K VENKATASHIVAREDDY,83019,88.40%,205932,10552,KOLAR
145,Mulbagal,OTHERS,H.NAGESH,M,74213,JDS,SAMRUDDHI MANJUNATH,67498,79.96%,203376,6715,KOLAR
146,Kolar Gold Field,INC,ROOPA SHASHIDHAR,F,71151,BJP,ASHWINI SAMPANGI,30324,72.28%,190351,40827,KOLAR
147,Bangarapet,INC,S N NARAYANASWAMY,M,70871,JDS,M.MALLESH BABU,49300,80.25%,193106,21571,KOLAR
148,Kolar,JDS,G K VENKATHESHIVA REDDY,M,82788,INC,SYED ZAMEER PASHA,38537,71.22%,225129,44251,KOLAR
149,Malur,INC,K Y NANJEGOWDA,M,75677,JDS,K.S.MANJUNATH GOWDA,57762,87.11%,181079,17915,KOLAR
150,Yelahanka,BJP,S R VISHWANATH,M,120110,JDS,A M HANUMANTHEGOWDA,77607,63.01%,387664,42503,BANGALORE URBAN
151,K.R. Pura,INC,BASAVRAJ BYRATI,M,135404,BJP,N.S.NANDIESHA REDDY,102675,53.08%,465434,32729,B.B.M.P(NORTH)
152,Byatarayanapura,INC,KRISHNA BYREGOWDA,M,114964,BJP,A RAVI,109293,57.39%,440308,5671,BANGALORE URBAN
153,Yeshwanthapura,INC,S.T SOMASHEKHAR,M,115273,JDS,T N JAVARAYI GOWDA,104562,60.19%,474806,10711,BANGALORE URBAN
154,Rajarajeshwarinagar,-,-,M,-,-,-,-,-,471459,-,B.B.M.P (CENTRAL)
155,Dasarahalli,JDS,R.MANJUNATHA,M,94044,BJP,S MUNIRAJU,83369,48.03%,449897,10675,BANGALORE URBAN
156,Mahalakshmi Layout,JDS,K. GOPALAIAH,M,88218,BJP,N.L. NARENDRA BABU,47118,54.72%,292332,41100,B.B.M.P(NORTH)
157,Malleshwaram,BJP,ASHWATH NARAYAN,M,83130,INC,KENGAL SHREEPADHARENU,29130,56.29%,218922,54000,B.B.M.P(NORTH)
158,Hebbal,INC,BYRATI SURESH,M,74453,BJP,Y A NARAYANASWAMY,53313,54.98%,265312,21140,B.B.M.P(NORTH)
159,Pulakeshinagar,INC,AKHANDA SRINIVAS MURTHY,M,97574,JDS,B. PRASANNAKUMAR,15948,53.24%,237288,81626,B.B.M.P(NORTH)
160,Sarvagnannagar,INC,K J GEORGE,M,109955,BJP,M.N.REDDY,56651,51.19%,347506,53304,B.B.M.P(NORTH)
161,C.V. Raman Nagar,BJP,S. RAGHU,M,58887,INC,R. SAMPATH RAJ,46660,48.98%,269010,12227,B.B.M.P(NORTH)
162,Shivajinagar,INC,ROSHAN BAIG,M,59742,BJP,KATTA SUBRAMANYA NAIDU,44702,54.10%,196776,15040,B.B.M.P (CENTRAL)
163,Shantinagar,INC,N A HARIS,M,60009,BJP,K VASUDEVAMURTHY,41804,55.12%,226046,18205,B.B.M.P (CENTRAL)
164,Gandhinagar,INC,DINESH GUNDU RAO,M,47354,BJP,A.R. SAPTHAGIRI GOWDA,37284,55.38%,229803,10070,B.B.M.P (CENTRAL)
165,Rajajinagar,BJP,SURESH KUMAR,M,56271,INC,G PADMAVATHI,46818,57.10%,211116,9453,B.B.M.P (CENTRAL)
166,Govindarajanagar,BJP,V SOMANNA,F,79135,INC,PRIYA KRISHNA,67760,53.91%,292973,11375,B.B.M.P(SOUTH)
167,Vijayanagar,INC,M KRISHNAPPA,M,73353,BJP,M RAVINDRA,70578,55.00%,312443,2775,B.B.M.P(SOUTH)
168,Chamrajapet,INC,ZAMEER AHMED,M,65339,BJP,M LAKSHMINARAYANA,32202,54.33%,220947,33137,B.B.M.P (CENTRAL)
169,Chickpet,BJP,UDAY GARUDACHAR,M,57312,INC,R V DEVARAJ,49378,57.66%,223682,7934,B.B.M.P (CENTRAL)
170,Basavanagudi,BJP,RAVISUBRAMANYA L A,M,76018,JDS,K.BAGEGOWDA,38009,52.80%,245325,38009,B.B.M.P(SOUTH)
171,Padmanabanagar,BJP,R ASHOKA,M,77868,JDS,V K GOPAL,45702,53.00%,278219,32166,B.B.M.P(SOUTH)
172,B.T.M Layout,INC,RAMLINGA REDDY,M,67085,BJP,LALLESH REDDY,46607,50.09%,270493,20478,B.B.M.P(SOUTH)
173,Jayanagar,-,-,M,-,-,-,-,-,203184,-,B.B.M.P(SOUTH)
174,Mahadevapura,BJP,ARAVINDA LIMBAVALI,M,141682,INC,A C SRINIVASA,123898,55.00%,504850,17784,BANGALORE URBAN
175,Bommanahalli,BJP,SATHISH REDDY,M,111863,INC,SUSHMA RAJAGOPAL REDDY,64701,52.00%,414076,47162,B.B.M.P(SOUTH)
176,Bangalore South,BJP,M KRISHNAPPA,M,152469,INC,R K RAMESH,122052,53.17%,603678,30417,BANGALORE URBAN
177,Anekal,INC,B.SHIVANNA,F,113894,BJP,A.NARAYANASWAMY,105267,63.99%,359546,8627,BANGALORE URBAN
178,Hosakote,INC,N NAGARAJU (M.T.B),M,98824,BJP,SHARATH KUMAR BACHEGOWDA,91227,89.97%,213742,7597,BANGALORE RURAL
179,Devanahalli,JDS,NARAYANASWAMY L N,M,86966,INC,VENKATASWAMY,69956,84.43%,202236,17010,BANGALORE RURAL
180,Doddaballapur,INC,T VENKATARAMANAIAH,M,73225,JDS,B MUNEGOWDA,63280,82.65%,203190,9945,BANGALORE RURAL
181,Nelamangala,JDS,DR. K .SREENIVASAMURTHY,M,69277,INC,R NARAYANASWAMY,44956,79.06%,203743,24321,BANGALORE RURAL
182,Magadi,JDS,A MANJUNATH,F,119492,INC,H.C. BALAKRISHNA,68067,85.83%,224815,51425,RAMANAGARAM
183,Ramanagaram,JDS,H D KUMARSWAMY,M,92626,INC,IQBAL HUSSAIN.H.A,69990,82.55%,206982,22636,RAMANAGARAM
184,Kanakapura,INC,D K SHIVAKUMAR,M,127552,JDS,NARAYANA GOWDA,47643,83.16%,222584,79909,RAMANAGARAM
185,Channapatna,JDS,H D KUMARSWAMY,M,87995,BJP,C P YOGEESHWARA,66465,85.86%,217573,21530,RAMANAGARAM
186,Malavalli,JDS,K ANNADANI,F,103038,INC,P.M.NARENDRASWAMY,76278,80.74%,238716,26760,MANDYA
187,Maddur,JDS,D.C.THAMMANNA,M,109239,INC,MADHU G MADEGOWDA,55209,82.86%,205373,54030,MANDYA
188,Melukote,JDS,C S PUTTARAJU,M,96003,Swaraj India,DARSHAN PUTTANNAIAH,73779,86.88%,195440,22224,MANDYA
189,Mandya,JDS,M SRINIVAS,M,69421,INC,P RAVIKUMAR,47813,72.13%,227541,21608,MANDYA
190,Shrirangapattana,JDS,RAVINDRA SRIKANTAIAH,M,101307,INC,A.B.RAMESHA BANDISIDDEGOWDA,57619,83.85%,208911,43688,MANDYA
191,Nagamangala,JDS,SURESH GOWDAA,M,112396,INC,N CHALUVARAYASWAMY,64729,87.11%,206533,47667,MANDYA
192,Krishnarajpet,JDS,NARAYANAGOWDA,M,88016,INC,K B CHANDRASHEKAR,70897,83.87%,205486,17119,MANDYA
193,Shravanabelagola,JDS,BALAKRISHNA C N,M,105516,INC,C S PUTTEGOWDA,52504,82.34%,202070,53012,HASSAN
194,Arsikere,JDS,K.M SHIVALINGE GOWDA,M,93986,INC,G.B.SHASHIDHARA,50297,82.29%,208241,43689,HASSAN
195,Belur,JDS,LINGESH,M,64268,BJP,H.K. SURESH,44578,79.41%,190465,19690,HASSAN
196,Hassan,BJP,PRITHAM GOWDA,M,63348,JDS,H S PRAKASH,50342,71.34%,212373,13006,HASSAN
197,Holenarasipur,JDS,H D REVANNA,M,108541,JDS,MANJEGOWDA B P,64709,85.56%,208968,43832,HASSAN
198,Arakalgud,JDS,A. T. RAMASWAMY,M,85064,INC,MANJU .A,74411,87.32%,,10653,HASSAN
199,Sakaleshpur,JDS,H K KUMARASWAMY,M,62262,BJP,SOMASHEKAR JAYARAJ,57320,82.07%,195505,4942,HASSAN
200,Belthangady,BJP,HARISH PUNJA,M,98417,INC,K.VASANTHA BANGERA,75443,81.50%,218880,22974,DAKSHINA KANNADA
201,Moodabidri,BJP,UMANATHA KOTIAN,M,87444,INC,K. ABHAYACHANDRA JAIN,57645,75.95%,200045,29799,DAKSHINA KANNADA
202,Mangalore City North,BJP,BHARATH SHETTY,M,98648,INC,B.A.MOHIUDDIN BAVA,72000,74.42%,234826,26648,DAKSHINA KANNADA
203,Mangalore City South,BJP,VEDA VYASA KAMATH,M,86545,INC,J. R. LOBO,70470,67.47%,240057,16075,DAKSHINA KANNADA
204,Mangalore,INC,U T KHADER,M,80813,BJP,SANTHOSH KUMAR RAI BOLIYARU,61074,75.86%,195735,19739,DAKSHINA KANNADA
205,Bantwal,BJP,RAJESH NAIK U.,M,97802,INC,B RAMANATHA RAI,81831,81.90%,221735,15971,DAKSHINA KANNADA
206,Puttur,BJP,SANJEEV MATHANDUR,M,90073,INC,SHAKUNTHALA.T. SHETTY,70596,81.69%,201884,19477,DAKSHINA KANNADA
207,Sullia,BJP,ANGARA S,M,95205,INC,DR.B.RAGHU,69137,83.64%,198686,26068,DAKSHINA KANNADA
208,Madikeri,BJP,APPACHU RANJAN M P,M,70631,JDS,B A JIVIJAYA,54616,77.47%,216937,16015,KODAGU
209,Virajpet,BJP,K G BOPAIAH,M,77944,INC,ARUN MACHAIAH C S,64591,72.34%,216909,13353,KODAGU
210,Piriyapatna,JDS,K. MAHADEVA,M,77770,INC,K. VENKATESH,70277,85.80%,180411,7493,MYSORE
211,Krishnarajanagara,JDS,SA. RA. MAHESH,M,85011,INC,D. RAVISHANKAR,83232,85.79%,204115,1779,MYSORE
212,Hunsur,JDS,H VISHWANATH,M,91667,INC,H P MANJUNATH,83092,82.73%,224558,8575,MYSORE
213,Heggadadevankote,INC,ANIL KUMAR C,M,76652,JDS,CHIKKANNA,54559,79.11%,214874,22093,MYSORE
214,Nanjangud,BJP,HARSHA VARDHAN,M,78030,INC,KALALE N. KESHAVAMURTHY,65551,78.16%,209121,12479,MYSORE
215,Chamundeshwari,JDS,G T DEVE GOWDA,M,121325,INC,SIDDARAMAIAH,85283,76.05%,295815,36042,MYSORE
216,Krishnaraja,BJP,S A RAMADAS,M,78573,INC,M K SOMASHEKHAR,52226,58.86%,247082,26347,MYSORE
217,Chamaraja,BJP,L NAGENDRA,M,51683,INC,VASU,36747,59.18%,235647,14936,MYSORE
218,Narasimharaja,INC,TANVEER SAIT,M,62268,BJP,S.SATHEESH (SANDESH SWAMY),44141,61.43%,262300,18127,MYSORE
219,Varuna,INC,YATHEENDRA SIDDARAMAIAH,M,96435,BJP,T BASAVARAJU,37819,78.59%,221050,58616,MYSORE
220,T. Narasipur,JDS,ASHWIN KUMAR,M,83929,INC,DR. H.C.MAHADEVAPPA,55451,78.08%,198434,28478,MYSORE
221,Hanur,INC,R NARENDRA,M,60444,BJP,DR. PREETHAN NAGAPPA,56931,81.61%,207603,3513,CHAMARAJNAGAR
222,Kollegal,OTHERS,N MAHESH,M,71792,INC,A.R. KRISHNA MURTHY,52338,79.15%,211522,19454,CHAMARAJNAGAR
223,Chamarajanagar,INC,PUTTARANGA SHETTY,M,75963,BJP,K R MALLIKARJUNAPPA,71050,80.41%,206146,4913,CHAMARAJNAGAR
224,Gundlupet,BJP,C S NIRANJANKUMAR,M,94151,INC,M C MOHAN KUMARI URUF GEETHA,77467,87.50%,205616,16684,CHAMARAJNAGAR
